{
  "n_total": 36,
  "n_successful": 36,
  "n_errors": 0,
  "success_rate": 1.0,
  "processing_time_stats": {
    "mean": 5.2311436202791,
    "std": 1.4574696203244366,
    "min": 2.5710606575012207,
    "max": 8.444936752319336
  },
  "accuracy": 0.8611111111111112,
  "kappa_quadratic": 0.947856315179606,
  "confusion_matrix": [
    [
      12,
      2,
      0,
      0,
      0
    ],
    [
      0,
      11,
      0,
      0,
      0
    ],
    [
      0,
      2,
      3,
      0,
      0
    ],
    [
      0,
      0,
      0,
      4,
      0
    ],
    [
      0,
      0,
      0,
      1,
      1
    ]
  ],
  "classification_report": {
    "ESI-1": {
      "precision": 1.0,
      "recall": 0.8571428571428571,
      "f1-score": 0.9230769230769231,
      "support": 14.0
    },
    "ESI-2": {
      "precision": 0.7333333333333333,
      "recall": 1.0,
      "f1-score": 0.8461538461538461,
      "support": 11.0
    },
    "ESI-3": {
      "precision": 1.0,
      "recall": 0.6,
      "f1-score": 0.75,
      "support": 5.0
    },
    "ESI-4": {
      "precision": 0.8,
      "recall": 1.0,
      "f1-score": 0.8888888888888888,
      "support": 4.0
    },
    "ESI-5": {
      "precision": 1.0,
      "recall": 0.5,
      "f1-score": 0.6666666666666666,
      "support": 2.0
    },
    "accuracy": 0.8611111111111112,
    "macro avg": {
      "precision": 0.9066666666666666,
      "recall": 0.7914285714285715,
      "f1-score": 0.814957264957265,
      "support": 36.0
    },
    "weighted avg": {
      "precision": 0.8962962962962963,
      "recall": 0.8611111111111112,
      "f1-score": 0.8574905033238367,
      "support": 36.0
    }
  }
}